<?xml version="1.0" encoding="UTF-8"?><FDs version="1">
  <FD plmn="23201" nwkname="A1" lcdonfdtime="5" lcdofffdtime="5" lcdonfdtime_Rel8="-1" lcdofffdtime_Rel8="-1" salesCode="ATO"/>
  <FD plmn="23202" nwkname="A1" lcdonfdtime="5" lcdofffdtime="5" lcdonfdtime_Rel8="-1" lcdofffdtime_Rel8="-1" salesCode="ATO"/>
  <FD plmn="23209" nwkname="A1" lcdonfdtime="5" lcdofffdtime="5" lcdonfdtime_Rel8="-1" lcdofffdtime_Rel8="-1" salesCode="ATO"/>
  <FD plmn="23211" nwkname="bob" lcdonfdtime="5" lcdofffdtime="5" lcdonfdtime_Rel8="-1" lcdofffdtime_Rel8="-1" salesCode="ATO"/>
  <FD plmn="23203" nwkname="T-Mobile A" lcdonfdtime="5" lcdofffdtime="3" lcdonfdtime_Rel8="5" lcdofffdtime_Rel8="3" salesCode="ATO"/>
  <FD plmn="23205" nwkname="3 AT" lcdonfdtime="0" lcdofffdtime="0" lcdonfdtime_Rel8="5" lcdofffdtime_Rel8="5" salesCode="ATO"/>
  <FD plmn="23207" nwkname="T-Mobile A" lcdonfdtime="5" lcdofffdtime="3" lcdonfdtime_Rel8="5" lcdofffdtime_Rel8="3" salesCode="ATO"/>
  <FD plmn="23210" nwkname="3 AT" lcdonfdtime="0" lcdofffdtime="0" lcdonfdtime_Rel8="5" lcdofffdtime_Rel8="5" salesCode="ATO"/>
  <FD plmn="23214" nwkname="3 AT" lcdonfdtime="0" lcdofffdtime="0" lcdonfdtime_Rel8="5" lcdofffdtime_Rel8="5" salesCode="ATO"/>
  <FD plmn="23212" nwkname="yesss!" lcdonfdtime="5" lcdofffdtime="5" lcdonfdtime_Rel8="-1" lcdofffdtime_Rel8="-1" salesCode="ATO"/>
  <FD plmn="23212" nwkname="Ge org!" lcdonfdtime="5" lcdofffdtime="5" lcdonfdtime_Rel8="-1" lcdofffdtime_Rel8="-1" salesCode="ATO"/>
  <FD plmn="23217" nwkname="spusu" lcdonfdtime="0" lcdofffdtime="0" lcdonfdtime_Rel8="5" lcdofffdtime_Rel8="5" salesCode="ATO"/>
  <FD plmn="20601" nwkname="spusu" lcdonfdtime="0" lcdofffdtime="0" lcdonfdtime_Rel8="5" lcdofffdtime_Rel8="5" salesCode="ATO"/>
  <FD plmn="24007" nwkname="spusu" lcdonfdtime="0" lcdofffdtime="0" lcdonfdtime_Rel8="5" lcdofffdtime_Rel8="5" salesCode="ATO"/>
  <FD plmn="22801" nwkname="Swisscom" lcdonfdtime="5" lcdofffdtime="5" lcdonfdtime_Rel8="-1" lcdofffdtime_Rel8="-1" salesCode="AUT"/>
  <FD plmn="22802" nwkname="Sunrise" lcdonfdtime="5" lcdofffdtime="5" lcdonfdtime_Rel8="-1" lcdofffdtime_Rel8="-1" salesCode="AUT"/>
  <FD plmn="22803" nwkname="Salt" lcdonfdtime="5" lcdofffdtime="5" lcdonfdtime_Rel8="-1" lcdofffdtime_Rel8="-1" salesCode="AUT"/>
  <FD plmn="29505" nwkname="Telecom Liechtenstein" lcdonfdtime="5" lcdofffdtime="5" lcdonfdtime_Rel8="-1" lcdofffdtime_Rel8="-1" salesCode="AUT"/>
  <FD plmn="29502" nwkname="Salt FL" lcdonfdtime="5" lcdofffdtime="5" lcdonfdtime_Rel8="-1" lcdofffdtime_Rel8="-1" salesCode="AUT"/>
  <FD plmn="20601" nwkname="upc ch" lcdonfdtime="5" lcdofffdtime="5" lcdonfdtime_Rel8="-1" lcdofffdtime_Rel8="-1" salesCode="AUT"/>
  <FD plmn="22853" nwkname="upc ch" lcdonfdtime="5" lcdofffdtime="5" lcdonfdtime_Rel8="-1" lcdofffdtime_Rel8="-1" salesCode="AUT"/>
  <FD plmn="73002" nwkname="Movistar" lcdonfdtime="5" lcdofffdtime="5" lcdonfdtime_Rel8="-1" lcdofffdtime_Rel8="-1" salesCode="CHO"/>
  <FD plmn="73001" nwkname="ENTEL" lcdonfdtime="5" lcdofffdtime="5" lcdonfdtime_Rel8="-1" lcdofffdtime_Rel8="-1" salesCode="CHO"/>
  <FD plmn="73010" nwkname="ENTEL" lcdonfdtime="5" lcdofffdtime="5" lcdonfdtime_Rel8="-1" lcdofffdtime_Rel8="-1" salesCode="CHO"/>
  <FD plmn="73003" nwkname="Claro" lcdonfdtime="5" lcdofffdtime="5" lcdonfdtime_Rel8="-1" lcdofffdtime_Rel8="-1" salesCode="CHO"/>
  <FD plmn="73007" nwkname="GTD Móvil" lcdonfdtime="0" lcdofffdtime="0" lcdonfdtime_Rel8="-1" lcdofffdtime_Rel8="-1" salesCode="CHO"/>
  <FD plmn="73601" nwkname="Viva" lcdonfdtime="0" lcdofffdtime="0" lcdonfdtime_Rel8="-1" lcdofffdtime_Rel8="-1" salesCode="CHO"/>
  <FD plmn="73602" nwkname="entel movil" lcdonfdtime="0" lcdofffdtime="0" lcdonfdtime_Rel8="-1" lcdofffdtime_Rel8="-1" salesCode="CHO"/>
  <FD plmn="73603" nwkname="Tigo" lcdonfdtime="0" lcdofffdtime="0" lcdonfdtime_Rel8="-1" lcdofffdtime_Rel8="-1" salesCode="CHO"/>
  <FD plmn="73007" nwkname="virgin mobile" lcdonfdtime="0" lcdofffdtime="0" lcdonfdtime_Rel8="-1" lcdofffdtime_Rel8="-1" salesCode="CHO"/>
  <FD plmn="73008" nwkname="VTR" lcdonfdtime="0" lcdofffdtime="0" lcdonfdtime_Rel8="-1" lcdofffdtime_Rel8="-1" salesCode="CHO"/>
  <FD plmn="73007" nwkname="GTEL Netline" lcdonfdtime="0" lcdofffdtime="0" lcdonfdtime_Rel8="-1" lcdofffdtime_Rel8="-1" salesCode="CHO"/>
  <FD plmn="73023" nwkname="Claro" lcdonfdtime="5" lcdofffdtime="5" lcdonfdtime_Rel8="-1" lcdofffdtime_Rel8="-1" salesCode="CHO"/>
  <FD plmn="73009" nwkname="WOM" lcdonfdtime="0" lcdofffdtime="0" lcdonfdtime_Rel8="-1" lcdofffdtime_Rel8="-1" salesCode="CHO"/>
  <FD plmn="73001" nwkname="Falabella" lcdonfdtime="5" lcdofffdtime="5" lcdonfdtime_Rel8="-1" lcdofffdtime_Rel8="-1" salesCode="CHO"/>
  <FD plmn="73010" nwkname="Falabella" lcdonfdtime="5" lcdofffdtime="5" lcdonfdtime_Rel8="-1" lcdofffdtime_Rel8="-1" salesCode="CHO"/>
  <FD plmn="73007" nwkname="Colo-Colo" lcdonfdtime="5" lcdofffdtime="5" lcdonfdtime_Rel8="-1" lcdofffdtime_Rel8="-1" salesCode="CHO"/>
  <FD plmn="73021" nwkname="WOM" lcdonfdtime="0" lcdofffdtime="0" lcdonfdtime_Rel8="-1" lcdofffdtime_Rel8="-1" salesCode="CHO"/>
  <FD plmn="732101" nwkname="Claro" lcdonfdtime="5" lcdofffdtime="5" lcdonfdtime_Rel8="-1" lcdofffdtime_Rel8="-1" salesCode="COO"/>
  <FD plmn="732123" nwkname="Movistar" lcdonfdtime="5" lcdofffdtime="5" lcdonfdtime_Rel8="-1" lcdofffdtime_Rel8="-1" salesCode="COO"/>
  <FD plmn="732103" nwkname="TIGO" lcdonfdtime="5" lcdofffdtime="5" lcdonfdtime_Rel8="-1" lcdofffdtime_Rel8="-1" salesCode="COO"/>
  <FD plmn="732111" nwkname="TIGO" lcdonfdtime="5" lcdofffdtime="5" lcdonfdtime_Rel8="-1" lcdofffdtime_Rel8="-1" salesCode="COO"/>
  <FD plmn="732187" nwkname="ETB 4G" lcdonfdtime="5" lcdofffdtime="5" lcdonfdtime_Rel8="-1" lcdofffdtime_Rel8="-1" salesCode="COO"/>
  <FD plmn="732103" nwkname="ÉXITO1" lcdonfdtime="5" lcdofffdtime="5" lcdonfdtime_Rel8="-1" lcdofffdtime_Rel8="-1" salesCode="COO"/>
  <FD plmn="732103" nwkname="ÉXITO2" lcdonfdtime="5" lcdofffdtime="5" lcdonfdtime_Rel8="-1" lcdofffdtime_Rel8="-1" salesCode="COO"/>
  <FD plmn="732103" nwkname="UFF1" lcdonfdtime="5" lcdofffdtime="5" lcdonfdtime_Rel8="-1" lcdofffdtime_Rel8="-1" salesCode="COO"/>
  <FD plmn="732103" nwkname="UFF2" lcdonfdtime="5" lcdofffdtime="5" lcdonfdtime_Rel8="-1" lcdofffdtime_Rel8="-1" salesCode="COO"/>
  <FD plmn="732142" nwkname="UNE" lcdonfdtime="5" lcdofffdtime="5" lcdonfdtime_Rel8="-1" lcdofffdtime_Rel8="-1" salesCode="COO"/>
  <FD plmn="732123" nwkname="Virgin Mobile1" lcdonfdtime="5" lcdofffdtime="5" lcdonfdtime_Rel8="-1" lcdofffdtime_Rel8="-1" salesCode="COO"/>
  <FD plmn="732154" nwkname="Virgin Mobile2" lcdonfdtime="5" lcdofffdtime="5" lcdonfdtime_Rel8="-1" lcdofffdtime_Rel8="-1" salesCode="COO"/>
  <FD plmn="732123" nwkname="Virgin Mobile3" lcdonfdtime="5" lcdofffdtime="5" lcdonfdtime_Rel8="-1" lcdofffdtime_Rel8="-1" salesCode="COO"/>
  <FD plmn="732123" nwkname="Virgin Mobile4" lcdonfdtime="5" lcdofffdtime="5" lcdonfdtime_Rel8="-1" lcdofffdtime_Rel8="-1" salesCode="COO"/>
  <FD plmn="732123" nwkname="Virgin Mobile5" lcdonfdtime="5" lcdofffdtime="5" lcdonfdtime_Rel8="-1" lcdofffdtime_Rel8="-1" salesCode="COO"/>
  <FD plmn="732130" nwkname="Avantel" lcdonfdtime="5" lcdofffdtime="5" lcdonfdtime_Rel8="-1" lcdofffdtime_Rel8="-1" salesCode="COO"/>
  <FD plmn="732360" nwkname="WOM" lcdonfdtime="5" lcdofffdtime="5" lcdonfdtime_Rel8="-1" lcdofffdtime_Rel8="-1" salesCode="COO"/>
  <FD plmn="26201" nwkname="Telekom.de" lcdonfdtime="5" lcdofffdtime="3" lcdonfdtime_Rel8="5" lcdofffdtime_Rel8="3" salesCode="DBT"/>
  <FD plmn="26206" nwkname="Telekom.de" lcdonfdtime="5" lcdofffdtime="3" lcdonfdtime_Rel8="5" lcdofffdtime_Rel8="3" salesCode="DBT"/>
  <FD plmn="26202" nwkname="vodafone.de" lcdonfdtime="0" lcdofffdtime="5" lcdonfdtime_Rel8="0" lcdofffdtime_Rel8="5" salesCode="DBT"/>
  <FD plmn="26209" nwkname="vodafone.de.lab" lcdonfdtime="0" lcdofffdtime="5" lcdonfdtime_Rel8="0" lcdofffdtime_Rel8="5" salesCode="DBT"/>
  <FD plmn="74001" nwkname="CLARO" lcdonfdtime="5" lcdofffdtime="5" lcdonfdtime_Rel8="-1" lcdofffdtime_Rel8="-1" salesCode="EON"/>
  <FD plmn="74000" nwkname="movistar" lcdonfdtime="5" lcdofffdtime="5" lcdonfdtime_Rel8="-1" lcdofffdtime_Rel8="-1" salesCode="EON"/>
  <FD plmn="74002" nwkname="ALE_EC" lcdonfdtime="5" lcdofffdtime="5" lcdonfdtime_Rel8="-1" lcdofffdtime_Rel8="-1" salesCode="EON"/>
  <FD plmn="22201" nwkname="TIM" lcdonfdtime="5" lcdofffdtime="5" lcdonfdtime_Rel8="-1" lcdofffdtime_Rel8="-1" salesCode="ITV"/>
  <FD plmn="22210" nwkname="vodafone IT" lcdonfdtime="5" lcdofffdtime="5" lcdonfdtime_Rel8="-1" lcdofffdtime_Rel8="-1" salesCode="ITV"/>
  <FD plmn="22299" nwkname="WINDTRE" lcdonfdtime="5" lcdofffdtime="5" lcdonfdtime_Rel8="3" lcdofffdtime_Rel8="3" salesCode="ITV"/>
  <FD plmn="22288" nwkname="WINDTRE" lcdonfdtime="5" lcdofffdtime="5" lcdonfdtime_Rel8="3" lcdofffdtime_Rel8="3" salesCode="ITV"/>
  <FD plmn="22288" nwkname="VERY" lcdonfdtime="5" lcdofffdtime="5" lcdonfdtime_Rel8="3" lcdofffdtime_Rel8="3" salesCode="ITV"/>
  <FD plmn="22299" nwkname="VERY" lcdonfdtime="5" lcdofffdtime="5" lcdonfdtime_Rel8="3" lcdofffdtime_Rel8="3" salesCode="ITV"/>
  <FD plmn="60400" nwkname="Orange MA" lcdonfdtime="5" lcdofffdtime="5" lcdonfdtime_Rel8="-1" lcdofffdtime_Rel8="-1" salesCode="MWD"/>
  <FD plmn="60402" nwkname="WANA GSM" lcdonfdtime="5" lcdofffdtime="5" lcdonfdtime_Rel8="-1" lcdofffdtime_Rel8="-1" salesCode="MWD"/>
  <FD plmn="60401" nwkname="IAM" lcdonfdtime="5" lcdofffdtime="5" lcdonfdtime_Rel8="-1" lcdofffdtime_Rel8="-1" salesCode="MWD"/>
  <FD plmn="334050" nwkname="Iusacell" lcdonfdtime="5" lcdofffdtime="5" lcdonfdtime_Rel8="-1" lcdofffdtime_Rel8="-1" salesCode="MXO"/>
  <FD plmn="334090" nwkname="Nextel" lcdonfdtime="5" lcdofffdtime="5" lcdonfdtime_Rel8="-1" lcdofffdtime_Rel8="-1" salesCode="MXO"/>
  <FD plmn="33403" nwkname="movistar_MX" lcdonfdtime="0" lcdofffdtime="0" lcdonfdtime_Rel8="5" lcdofffdtime_Rel8="5" salesCode="MXO"/>
  <FD plmn="334030" nwkname="movistar_MX" lcdonfdtime="0" lcdofffdtime="0" lcdonfdtime_Rel8="5" lcdofffdtime_Rel8="5" salesCode="MXO"/>
  <FD plmn="334020" nwkname="TELCEL" lcdonfdtime="0" lcdofffdtime="0" lcdonfdtime_Rel8="5" lcdofffdtime_Rel8="5" salesCode="MXO"/>
  <FD plmn="334140" nwkname="ALTAN" lcdonfdtime="0" lcdofffdtime="0" lcdonfdtime_Rel8="5" lcdofffdtime_Rel8="5" salesCode="MXO"/>
  <FD plmn="334020" nwkname="AZTECA_MOVIL" lcdonfdtime="0" lcdofffdtime="0" lcdonfdtime_Rel8="5" lcdofffdtime_Rel8="5" salesCode="MXO"/>
  <FD plmn="334130" nwkname="AIRBUS" lcdonfdtime="0" lcdofffdtime="0" lcdonfdtime_Rel8="5" lcdofffdtime_Rel8="5" salesCode="MXO"/>
  <FD plmn="334130" nwkname="AXTEL" lcdonfdtime="0" lcdofffdtime="0" lcdonfdtime_Rel8="5" lcdofffdtime_Rel8="5" salesCode="MXO"/>
  <FD plmn="71610" nwkname="Claro" lcdonfdtime="5" lcdofffdtime="5" lcdonfdtime_Rel8="-1" lcdofffdtime_Rel8="-1" salesCode="PEO"/>
  <FD plmn="71606" nwkname="movistar" lcdonfdtime="5" lcdofffdtime="5" lcdonfdtime_Rel8="-1" lcdofffdtime_Rel8="-1" salesCode="PEO"/>
  <FD plmn="71617" nwkname="entel" lcdonfdtime="5" lcdofffdtime="5" lcdonfdtime_Rel8="-1" lcdofffdtime_Rel8="-1" salesCode="PEO"/>
  <FD plmn="21407" nwkname="Movistar" lcdonfdtime="0" lcdofffdtime="0" lcdonfdtime_Rel8="2" lcdofffdtime_Rel8="2" salesCode="PHE"/>
  <FD plmn="21405" nwkname="Movistar" lcdonfdtime="0" lcdofffdtime="0" lcdonfdtime_Rel8="2" lcdofffdtime_Rel8="2" salesCode="PHE"/>
  <FD plmn="22005" nwkname="A1 SRB" lcdonfdtime="0" lcdofffdtime="0" lcdonfdtime_Rel8="-1" lcdofffdtime_Rel8="-1" salesCode="SEE"/>
  <FD plmn="27602" nwkname="Vodafone AL" lcdonfdtime="0" lcdofffdtime="0" lcdonfdtime_Rel8="-1" lcdofffdtime_Rel8="-1" salesCode="SEE"/>
  <FD plmn="71201" nwkname="TPA_PA" lcdonfdtime="5" lcdofffdtime="5" lcdonfdtime_Rel8="-1" lcdofffdtime_Rel8="-1" salesCode="TPA"/>
  <FD plmn="71202" nwkname="TPA_PA" lcdonfdtime="5" lcdofffdtime="5" lcdonfdtime_Rel8="-1" lcdofffdtime_Rel8="-1" salesCode="TPA"/>
  <FD plmn="26806" nwkname="MEO" lcdonfdtime="5" lcdofffdtime="5" lcdonfdtime_Rel8="-1" lcdofffdtime_Rel8="-1" salesCode="TPH"/>
  <FD plmn="26801" nwkname="vodafone P" lcdonfdtime="5" lcdofffdtime="5" lcdonfdtime_Rel8="-1" lcdofffdtime_Rel8="-1" salesCode="TPH"/>
  <FD plmn="26891" nwkname="vodafone P" lcdonfdtime="5" lcdofffdtime="5" lcdonfdtime_Rel8="-1" lcdofffdtime_Rel8="-1" salesCode="TPH"/>
  <FD plmn="26803" nwkname="NOS" lcdonfdtime="5" lcdofffdtime="5" lcdonfdtime_Rel8="-1" lcdofffdtime_Rel8="-1" salesCode="TPH"/>
  <FD plmn="26889" nwkname="NOS" lcdonfdtime="5" lcdofffdtime="5" lcdonfdtime_Rel8="-1" lcdofffdtime_Rel8="-1" salesCode="TPH"/>
  <FD plmn="26893" nwkname="NOS" lcdonfdtime="5" lcdofffdtime="5" lcdonfdtime_Rel8="-1" lcdofffdtime_Rel8="-1" salesCode="TPH"/>
  <FD plmn="26897" nwkname="NOS" lcdonfdtime="5" lcdofffdtime="5" lcdonfdtime_Rel8="-1" lcdofffdtime_Rel8="-1" salesCode="TPH"/>
  <FD plmn="26898" nwkname="NOS" lcdonfdtime="5" lcdofffdtime="5" lcdonfdtime_Rel8="-1" lcdofffdtime_Rel8="-1" salesCode="TPH"/>
  <FD plmn="26899" nwkname="NOS" lcdonfdtime="5" lcdofffdtime="5" lcdonfdtime_Rel8="-1" lcdofffdtime_Rel8="-1" salesCode="TPH"/>
  <FD plmn="37412" nwkname="TTT_TT" lcdonfdtime="5" lcdofffdtime="5" lcdonfdtime_Rel8="-1" lcdofffdtime_Rel8="-1" salesCode="TTT"/>
  <FD plmn="374120" nwkname="TTT_TT" lcdonfdtime="5" lcdofffdtime="5" lcdonfdtime_Rel8="-1" lcdofffdtime_Rel8="-1" salesCode="TTT"/>
  <FD plmn="374129" nwkname="TTT_TT" lcdonfdtime="5" lcdofffdtime="5" lcdonfdtime_Rel8="-1" lcdofffdtime_Rel8="-1" salesCode="TTT"/>
  <FD plmn="60502" nwkname="TUNISIE TELECOM" lcdonfdtime="5" lcdofffdtime="5" lcdonfdtime_Rel8="-1" lcdofffdtime_Rel8="-1" salesCode="TUN"/>
  <FD plmn="60503" nwkname="Ooredoo TN" lcdonfdtime="5" lcdofffdtime="5" lcdonfdtime_Rel8="-1" lcdofffdtime_Rel8="-1" salesCode="TUN"/>
  <FD plmn="60501" nwkname="Orange" lcdonfdtime="5" lcdofffdtime="5" lcdonfdtime_Rel8="-1" lcdofffdtime_Rel8="-1" salesCode="TUN"/>
  <FD plmn="28601" nwkname="TR Turkcell" lcdonfdtime="5" lcdofffdtime="5" lcdonfdtime_Rel8="-1" lcdofffdtime_Rel8="-1" salesCode="TUR"/>
  <FD plmn="28602" nwkname="VODAFONE TR" lcdonfdtime="5" lcdofffdtime="5" lcdonfdtime_Rel8="-1" lcdofffdtime_Rel8="-1" salesCode="TUR"/>
  <FD plmn="26001" nwkname="Plus" lcdonfdtime="5" lcdofffdtime="5" lcdonfdtime_Rel8="-1" lcdofffdtime_Rel8="-1" salesCode="XEO"/>
  <FD plmn="26002" nwkname="T-Mobile.pl" lcdonfdtime="5" lcdofffdtime="5" lcdonfdtime_Rel8="-1" lcdofffdtime_Rel8="-1" salesCode="XEO"/>
  <FD plmn="26003" nwkname="Orange" lcdonfdtime="5" lcdofffdtime="5" lcdonfdtime_Rel8="-1" lcdofffdtime_Rel8="-1" salesCode="XEO"/>
  <FD plmn="26006" nwkname="PLAY" lcdonfdtime="5" lcdofffdtime="5" lcdonfdtime_Rel8="-1" lcdofffdtime_Rel8="-1" salesCode="XEO"/>
  <FD plmn="26098" nwkname="PLAY" lcdonfdtime="5" lcdofffdtime="5" lcdonfdtime_Rel8="-1" lcdofffdtime_Rel8="-1" salesCode="XEO"/>
  <FD plmn="26012" nwkname="Cyfrowy Polsat" lcdonfdtime="5" lcdofffdtime="5" lcdonfdtime_Rel8="-1" lcdofffdtime_Rel8="-1" salesCode="XEO"/>
  <FD plmn="23402" nwkname="O2 Pay Monthly" lcdonfdtime="0" lcdofffdtime="0" lcdonfdtime_Rel8="5" lcdofffdtime_Rel8="5" salesCode="XEU"/>
  <FD plmn="23410" nwkname="O2 Pay Monthly" lcdonfdtime="0" lcdofffdtime="0" lcdonfdtime_Rel8="5" lcdofffdtime_Rel8="5" salesCode="XEU"/>
  <FD plmn="23410" nwkname="O2 Pay &amp; Go" lcdonfdtime="0" lcdofffdtime="0" lcdonfdtime_Rel8="5" lcdofffdtime_Rel8="5" salesCode="XEU"/>
  <FD plmn="52503" nwkname="SGP-M1" lcdonfdtime="5" lcdofffdtime="5" lcdonfdtime_Rel8="-1" lcdofffdtime_Rel8="-1" salesCode="XSP"/>
  <FD plmn="52501" nwkname="Singtel (Postpaid)" lcdonfdtime="5" lcdofffdtime="5" lcdonfdtime_Rel8="-1" lcdofffdtime_Rel8="-1" salesCode="XSP"/>
  <FD plmn="52502" nwkname="Singtel (Postpaid)" lcdonfdtime="5" lcdofffdtime="5" lcdonfdtime_Rel8="-1" lcdofffdtime_Rel8="-1" salesCode="XSP"/>
  <FD plmn="52501" nwkname="Singtel (Prepaid)" lcdonfdtime="5" lcdofffdtime="5" lcdonfdtime_Rel8="-1" lcdofffdtime_Rel8="-1" salesCode="XSP"/>
  <FD plmn="52502" nwkname="Singtel (Prepaid)" lcdonfdtime="5" lcdofffdtime="5" lcdonfdtime_Rel8="-1" lcdofffdtime_Rel8="-1" salesCode="XSP"/>
  <FD plmn="52505" nwkname="StarHub (Postpaid)" lcdonfdtime="5" lcdofffdtime="5" lcdonfdtime_Rel8="5" lcdofffdtime_Rel8="-1" salesCode="XSP"/>
  <FD plmn="31026" nwkname="T-Mobile" lcdonfdtime="0" lcdofffdtime="0" lcdonfdtime_Rel8="-1" lcdofffdtime_Rel8="-1" salesCode="-1"/>
  <FD plmn="310160" nwkname="T-Mobile" lcdonfdtime="0" lcdofffdtime="0" lcdonfdtime_Rel8="-1" lcdofffdtime_Rel8="-1" salesCode="-1"/>
  <FD plmn="310200" nwkname="T-Mobile" lcdonfdtime="0" lcdofffdtime="0" lcdonfdtime_Rel8="-1" lcdofffdtime_Rel8="-1" salesCode="-1"/>
  <FD plmn="310210" nwkname="T-Mobile" lcdonfdtime="0" lcdofffdtime="0" lcdonfdtime_Rel8="-1" lcdofffdtime_Rel8="-1" salesCode="-1"/>
  <FD plmn="310220" nwkname="T-Mobile" lcdonfdtime="0" lcdofffdtime="0" lcdonfdtime_Rel8="-1" lcdofffdtime_Rel8="-1" salesCode="-1"/>
  <FD plmn="310230" nwkname="T-Mobile" lcdonfdtime="0" lcdofffdtime="0" lcdonfdtime_Rel8="-1" lcdofffdtime_Rel8="-1" salesCode="-1"/>
  <FD plmn="310240" nwkname="T-Mobile" lcdonfdtime="0" lcdofffdtime="0" lcdonfdtime_Rel8="-1" lcdofffdtime_Rel8="-1" salesCode="-1"/>
  <FD plmn="310250" nwkname="T-Mobile" lcdonfdtime="0" lcdofffdtime="0" lcdonfdtime_Rel8="-1" lcdofffdtime_Rel8="-1" salesCode="-1"/>
  <FD plmn="310260" nwkname="T-Mobile" lcdonfdtime="0" lcdofffdtime="0" lcdonfdtime_Rel8="-1" lcdofffdtime_Rel8="-1" salesCode="-1"/>
  <FD plmn="310270" nwkname="T-Mobile" lcdonfdtime="0" lcdofffdtime="0" lcdonfdtime_Rel8="-1" lcdofffdtime_Rel8="-1" salesCode="-1"/>
  <FD plmn="310310" nwkname="T-Mobile" lcdonfdtime="0" lcdofffdtime="0" lcdonfdtime_Rel8="-1" lcdofffdtime_Rel8="-1" salesCode="-1"/>
  <FD plmn="310330" nwkname="T-Mobile" lcdonfdtime="0" lcdofffdtime="0" lcdonfdtime_Rel8="-1" lcdofffdtime_Rel8="-1" salesCode="-1"/>
  <FD plmn="310490" nwkname="T-Mobile" lcdonfdtime="0" lcdofffdtime="0" lcdonfdtime_Rel8="-1" lcdofffdtime_Rel8="-1" salesCode="-1"/>
  <FD plmn="310660" nwkname="T-Mobile" lcdonfdtime="0" lcdofffdtime="0" lcdonfdtime_Rel8="-1" lcdofffdtime_Rel8="-1" salesCode="-1"/>
  <FD plmn="310800" nwkname="T-Mobile" lcdonfdtime="0" lcdofffdtime="0" lcdonfdtime_Rel8="-1" lcdofffdtime_Rel8="-1" salesCode="-1"/>
  <FD plmn="31038" nwkname="Vodafone" lcdonfdtime="0" lcdofffdtime="0" lcdonfdtime_Rel8="-1" lcdofffdtime_Rel8="-1" salesCode="-1"/>
  <FD plmn="31090" nwkname="Vodafone" lcdonfdtime="0" lcdofffdtime="0" lcdonfdtime_Rel8="-1" lcdofffdtime_Rel8="-1" salesCode="-1"/>
  <FD plmn="310150" nwkname="ATT" lcdonfdtime="0" lcdofffdtime="3" lcdonfdtime_Rel8="-1" lcdofffdtime_Rel8="-1" salesCode="-1"/>
  <FD plmn="310410" nwkname="ATT" lcdonfdtime="0" lcdofffdtime="3" lcdonfdtime_Rel8="-1" lcdofffdtime_Rel8="-1" salesCode="-1"/>
  <FD plmn="310560" nwkname="Vodafone" lcdonfdtime="0" lcdofffdtime="0" lcdonfdtime_Rel8="-1" lcdofffdtime_Rel8="-1" salesCode="-1"/>
  <FD plmn="310680" nwkname="Vodafone" lcdonfdtime="0" lcdofffdtime="0" lcdonfdtime_Rel8="-1" lcdofffdtime_Rel8="-1" salesCode="-1"/>
  <FD plmn="310980" nwkname="ATT" lcdonfdtime="0" lcdofffdtime="3" lcdonfdtime_Rel8="-1" lcdofffdtime_Rel8="-1" salesCode="-1"/>
  <FD plmn="311180" nwkname="ATT" lcdonfdtime="0" lcdofffdtime="3" lcdonfdtime_Rel8="-1" lcdofffdtime_Rel8="-1" salesCode="-1"/>
</FDs>
